Classification,Name,Pages,PageCount,Category,RawTexts
Domain,AE,"2,3,4,17",4,dataset_name,AE (Adverse Events) | Used for RELREC of AE and CM
Domain,CE,"21,22,23,24,25,26,27,28,29,30,31,32,33,34,35,36,37,38,39,40,41,42,43,44,45,46,47,48,49,50,51,52,53,54,55,56,57,58,59,60,61,62,63,64,65,66,67,68,69,70,71,72,73,74,75,76,77,78,79,80,81,82,83,84,85,86,87,102,103,104,105,106,108,109",74,dataset_name,CE (Clinical Events)
Domain,CM,"12,13,14,15,16,17,96,97,98,99,100,101,111,112,113,114,115",17,dataset_name,CM (Concomitant/Prior Medications) | Used for RELREC of AE and CM | Used for RELREC of MH and CM
Domain,DD,4,1,dataset_name,DD (Death Details)
Domain,DM,"19,20",2,dataset_name,DM (Demographics)
Domain,DS,"19,20,90,91,116,118",6,dataset_name,DS (Disposition)
Domain,EC,"88,89",2,dataset_name,EC (Exposure as Collected)
Domain,FA,"21,22,23,24,25,26,27,28,29,30,31,32,33,34,35,36,37,38,39,40,41,42,43,44,45,46,47,48,49,50,51,52,53,54,55,56,57,58,59,60,61,62,63,65,66,67,68,69,70,71,72,73,74,75,76,77,78,79,80,81,82,83,84,85,86,87,102,103,104,105,106,107,108,109",74,dataset_name,FA (Findings About Events or Interventions)
Domain,IE,"93,94",2,dataset_name,IE (Inclusion/Exclusion Criteria Not Met)
Domain,IS,11,1,dataset_name,
Domain,LB,110,1,dataset_name,LB (Laboratory Test Results)
Domain,MH,"17,95",2,dataset_name,Used for RELREC of MH and CM | MH (Medical History)
Domain,RELREC,17,1,dataset_name,Used for RELREC of AE and CM | Used for RELREC of MH and CM
Domain,RP,117,1,dataset_name,RP (Reproductive System Findings)
Domain,SUPPAE,"2,3,4",3,dataset_name,AEPTRTPT in SUPPAE | AERELPR in SUPPAE | MAAE in SUPPAE | AESLCTD in SUPPAE | ACNDNC in SUPPAE | ACNDW in SUPPAE | ACNNA in SUPPAE | ACNDD in SUPPAE | AEDIS in SUPPAE | AEHOSPDT in SUPPAE | AEDISCDT in SUPPAE
Domain,SUPPCM,115,1,dataset_name,TRTMAN in SUPPCM | VACDOC in SUPPCM | VACHISTR in SUPPCM
Domain,SUPPDM,"19,20",2,dataset_name,RACESASN in SUPPDM | PROTVRSN in SUPPDM | PLGCNTO in SUPPDM | PLGCNTO2 in SUPPDM | SPASENTO in SUPPDM | COHORT in SUPPDM
Domain,SUPPDS,116,1,dataset_name,PROTVRSN in SUPPDS
Domain,SUPPEC,"88,89",2,dataset_name,ECREASOC in SUPPEC | ECACN in SUPPEC | ECDEL in SUPPEC | ECDELOTH in SUPPEC
Domain,SUPPFA,"77,78,79,80,81,82,83,84,85,86,87",11,dataset_name,FAREASOC in SUPPFA
Domain,SUPPVS,"77,78,79,80,81,82,83,84,85,86,87",11,dataset_name,VSCOLSRT=MAXIMUM in SUPPVS
Domain,SV,18,1,dataset_name,SV (Subject Visits)
Domain,VS,"77,78,79,80,81,82,83,84,85,86,87,119,120,121",14,dataset_name,VS (Vital Signs)
Variable,ACNDD,3,1,standard_variable,ACNDD in SUPPAE
Variable,ACNDNC,3,1,standard_variable,ACNDNC in SUPPAE
Variable,ACNDW,3,1,standard_variable,ACNDW in SUPPAE
Variable,ACNNA,3,1,standard_variable,ACNNA in SUPPAE
Variable,AEACN,3,1,standard_variable,If multiple values are selected AEACN=MULTIPLE
Variable,AEACN=MULTIPLE,3,1,standard_variable,AEACN=MULTIPLE
Variable,AEDIS,3,1,standard_variable,AEDIS in SUPPAE
Variable,AEDISCDT,4,1,standard_variable,AEDISCDT in SUPPAE
Variable,AEENDTC,2,1,standard_variable,AEENDTC
Variable,AEHOSPDT,4,1,standard_variable,AEHOSPDT in SUPPAE
Variable,AEOUT,3,1,standard_variable,AEOUT
Variable,AEPATT,2,1,standard_variable,AEPATT
Variable,AEPTRTPT,2,1,standard_variable,AEPTRTPT in SUPPAE
Variable,AEREL,2,1,standard_variable,AEREL
Variable,AERELPR,2,1,standard_variable,AERELPR in SUPPAE
Variable,AESCONG,3,1,standard_variable,AESCONG
Variable,AESDISAB,3,1,standard_variable,AESDISAB
Variable,AESDTH,3,1,standard_variable,AESDTH
Variable,AESER,3,1,standard_variable,AESER
Variable,AESEV,2,1,standard_variable,AESEV
Variable,AESHOSP,4,1,standard_variable,AESHOSP
Variable,AESLCTD,2,1,standard_variable,AESLCTD in SUPPAE
Variable,AESLIFE,4,1,standard_variable,AESLIFE
Variable,AESMIE,4,1,standard_variable,AESMIE
Variable,AESTDTC,2,1,standard_variable,AESTDTC
Variable,AETERM,2,1,standard_variable,AETERM
Variable,AGE,19,1,standard_variable,AGE
Variable,BRTHDTC,19,1,standard_variable,BRTHDTC
Variable,CEENRTPT,"44,63,64,70,76,87",6,standard_variable,CEENRTPT when CETERM=HEADACHE | CEENRTPT when CETERM=ASTHENIA | CEENRTPT when CETERM=MALAISE | CEENRTPT when CETERM=MYALGIA | CEENRTPT when CETERM=IRRITABILITY/FUSSINESS | CEENRTPT when CETERM=DROWSINESS | CEENRTPT when CETERM=LOSS OF APPETITE | CEENRTPT when CETERM=PAIN | CEENRTPT when CETERM=ERYTHEMA | CEENRTPT when CETERM=SWELLING | CEENRTPT when CETERM=FEVER
Variable,CEENTPT,"44,63,70,76,87",5,standard_variable,CEENTPT=Day 15 | CEENTPT=Day 8
Variable,CELOC,"102,105",2,standard_variable,CELOC when CETERM=TEMPERATURE
Variable,CETERM,"21,22,23,24,25,26,27,28,29,30,31,32,33,34,35,36,37,38,39,40,41,42,43,44,45,46,47,48,49,50,51,52,53,54,55,56,57,58,59,60,61,62,63,64,65,66,67,68,69,70,71,72,73,74,75,76,77,78,79,80,81,82,83,84,85,86,87,102,103,104,105,106,108,109",74,standard_variable,CETERM=HEADACHE | CETERM=ASTHENIA | CETERM=MALAISE | CETERM=MYALGIA | CEENRTPT when CETERM=HEADACHE | CEENRTPT when CETERM=ASTHENIA | CEENRTPT when CETERM=MALAISE | CEENRTPT when CETERM=MYALGIA | CETERM=IRRITABILITY/FUSSINESS | CETERM=DROWSINESS | CETERM=LOSS OF APPETITE | CEENRTPT when CETERM=IRRITABILITY/FUSSINESS | CEENRTPT when CETERM=DROWSINESS | CEENRTPT when CETERM=LOSS OF APPETITE | CETERM=PAIN | CETERM=ERYTHEMA | CETERM=SWELLING | CEENRTPT when CETERM=PAIN | CEENRTPT when CETERM=ERYTHEMA | CEENRTPT when CETERM=SWELLING | CETERM=FEVER | CEENRTPT when CETERM=FEVER | CELOC when CETERM=TEMPERATURE
Variable,CETERM=ASTHENIA,"21,23,25,26,28,30,31,33,35,36,38,40,41,43,44,103",16,standard_variable,CETERM=ASTHENIA
Variable,CETERM=DROWSINESS,"45,47,48,49,51,52,53,55,56,57,59,60,61,63,106",15,standard_variable,CETERM=DROWSINESS
Variable,CETERM=ERYTHEMA,"65,66,67,68,69,70,71,72,73,74,75,76,108,109",14,standard_variable,CETERM=ERYTHEMA
Variable,CETERM=FEVER,"77,78,79,80,81,82,83,84,85,86,87",11,standard_variable,CETERM=FEVER
Variable,CETERM=HEADACHE,"21,23,24,26,28,29,31,33,34,36,38,39,41,43,44,103",16,standard_variable,CETERM=HEADACHE
Variable,CETERM=IRRITABILITY/FUSSINESS,"45,46,48,49,50,52,53,54,56,57,58,60,61,62,63,106",16,standard_variable,CETERM=IRRITABILITY/FUSSINESS
Variable,CETERM=LOSS OF APPETITE,"46,47,48,50,51,52,54,55,56,58,59,60,62,63,64,106",16,standard_variable,CETERM=LOSS OF APPETITE
Variable,CETERM=MALAISE,"22,23,25,27,28,30,32,33,35,37,38,40,42,43,44,103",16,standard_variable,CETERM=MALAISE
Variable,CETERM=MYALGIA,"22,24,25,27,29,30,32,34,35,37,39,40,42,44,104",15,standard_variable,CETERM=MYALGIA
Variable,CETERM=PAIN,"65,66,67,68,69,70,71,72,73,74,75,76,108,109",14,standard_variable,CETERM=PAIN
Variable,CETERM=SWELLING,"65,66,67,68,69,70,71,72,73,74,75,76,108,109",14,standard_variable,CETERM=SWELLING
Variable,CETERM=TEMPERATURE,"102,105",2,standard_variable,CETERM=TEMPERATURE
Variable,CMCAT,96,1,standard_variable,CMCAT
Variable,CMDOSE,"12,96",2,standard_variable,CMDOSE/CMDOSTXT
Variable,CMDOSFRQ,"14,15,98,99",4,standard_variable,CMDOSFRQ
Variable,CMDOSTXT,"12,96",2,standard_variable,CMDOSE/CMDOSTXT
Variable,CMDOSU,"13,97",2,standard_variable,CMDOSU
Variable,CMENDTC,"17,101",2,standard_variable,CMENDTC
Variable,CMENRTPT,17,1,standard_variable,CMENRTPT
Variable,CMENTPT,17,1,standard_variable,CMENTPT=End of Study
Variable,CMINDC,"17,101",2,standard_variable,CMINDC
Variable,CMROUTE,"16,17,100,101",4,standard_variable,CMROUTE
Variable,CMSCAT,"112,113",2,standard_variable,CMSCAT
Variable,CMSTDTC,"17,101,111",3,standard_variable,CMSTDTC
Variable,CMSTRTPT,"17,111",2,standard_variable,CMSTRTPT
Variable,CMSTTPT,"17,111",2,standard_variable,CMSTTPT=First Vaccination
Variable,CMTRT,"12,96,114,115",4,standard_variable,CMTRT
Variable,COHORT,20,1,standard_variable,COHORT in SUPPDM
Variable,DDORRES,4,1,standard_variable,DDORRES when DDTESTCD=GENCDTH | DDORRES when DDTESTCD=AUTOPIND | DDORRES when DDTESTCD=DTHCOIND
Variable,DDSPID,4,1,standard_variable,DDSPID=1 | DDSPID=2 | DDSPID=3
Variable,DDSPID=1,4,1,standard_variable,DDSPID=1
Variable,DDSPID=2,4,1,standard_variable,DDSPID=2
Variable,DDSPID=3,4,1,standard_variable,DDSPID=3
Variable,DDTESTCD,4,1,standard_variable,DDORRES when DDTESTCD=GENCDTH | DDORRES when DDTESTCD=AUTOPIND | DDORRES when DDTESTCD=DTHCOIND
Variable,DDTESTCD=AUTOPIND,4,1,standard_variable,DDTESTCD=AUTOPIND
Variable,DDTESTCD=DTHCOIND,4,1,standard_variable,DDTESTCD=DTHCOIND
Variable,DDTESTCD=GENCDTH,4,1,standard_variable,DDTESTCD=GENCDTH
Variable,DSCAT,"90,91,116,118",4,standard_variable,DSCAT=DISPOSITION EVENT | DSCAT=OTHER EVENT | DSCAT=PROTOCOL MILESTONE
Variable,DSCAT=DISPOSITION EVENT,"90,91,118",3,standard_variable,DSCAT=DISPOSITION EVENT
Variable,DSCAT=OTHER EVENT,91,1,standard_variable,DSCAT=OTHER EVENT
Variable,DSCAT=PROTOCOL MILESTONE,"116,118",2,standard_variable,DSCAT=PROTOCOL MILESTONE
Variable,DSDECOD,"19,20,90,91,116,118",6,standard_variable,DSDECOD=INFORMED CONSENT OBTAINED | DSSTDTC When DSDECOD/DSTERM=RANDOMIZED | if No then DSTERM/DSDECOD=COMPLETED | DSDECOD | if Yes then DSDECOD= TREATMENT UNBLINDED | DSDECOD/DSTERM=RECONSENT OBTAINED | if Y then DSDECOD/DSTERM=ENTERED INTO TRIAL | if Y then DSDECOD/DSTERM= COMPLETED | DSDECOD/DSTERM
Variable,DSDECOD=COMPLETED,"90,91,118",3,standard_variable,DSDECOD=COMPLETED
Variable,DSDECOD=ENTERED INTO TRIAL,118,1,standard_variable,DSDECOD=ENTERED INTO TRIAL
Variable,DSDECOD=INFORMED CONSENT OBTAINED,"19,20",2,standard_variable,DSDECOD=INFORMED CONSENT OBTAINED
Variable,DSDECOD=RANDOMIZED,20,1,standard_variable,DSDECOD=RANDOMIZED
Variable,DSDECOD=RECONSENT OBTAINED,116,1,standard_variable,DSDECOD=RECONSENT OBTAINED
Variable,DSDECOD=TREATMENT UNBLINDED,91,1,standard_variable,DSDECOD=TREATMENT UNBLINDED
Variable,DSSCAT,"90,91,118",3,standard_variable,DSSCAT=END OF STUDY | DSSCAT=END OF TREATMENT | if N then DSSCAT=ENROLLMENT | DSSCAT=ENROLLMENT
Variable,DSSCAT=END OF STUDY,90,1,standard_variable,DSSCAT=END OF STUDY
Variable,DSSCAT=END OF TREATMENT,91,1,standard_variable,DSSCAT=END OF TREATMENT
Variable,DSSCAT=ENROLLMENT,118,1,standard_variable,DSSCAT=ENROLLMENT
Variable,DSSTDTC,"19,20,90,91,116,118",6,standard_variable,"DSSTDTC when DSTERM=INFORMED CONSENT OBTAINED | DSSTDTC when DSTERM=SECOND PARENT/
LEGAL GUARDIAN CONSENT OBTAINED | DSSTDTC When DSTERM=ASSENT OBTAINED | DSSTDTC When DSDECOD/DSTERM=RANDOMIZED | DSSTDTC when DSTERM=PARENT/LEGAL GUARDIAN CONSENT OBTAINED | DSSTDTC"
Variable,DSTERM,"19,20,90,91,116,118",6,standard_variable,"DSSTDTC when DSTERM=INFORMED CONSENT OBTAINED | DSSTDTC when DSTERM=SECOND PARENT/
LEGAL GUARDIAN CONSENT OBTAINED | DSSTDTC When DSTERM=ASSENT OBTAINED | DSSTDTC When DSDECOD/DSTERM=RANDOMIZED | DSSTDTC when DSTERM=PARENT/LEGAL GUARDIAN CONSENT OBTAINED | if No then DSTERM/DSDECOD=COMPLETED | DSTERM | DSDECOD/DSTERM=RECONSENT OBTAINED | if Y then DSDECOD/DSTERM=ENTERED INTO TRIAL | if Y then DSDECOD/DSTERM= COMPLETED | DSDECOD/DSTERM"
Variable,DSTERM=ASSENT OBTAINED,20,1,standard_variable,DSTERM=ASSENT OBTAINED
Variable,DSTERM=COMPLETED,"90,91,118",3,standard_variable,DSTERM=COMPLETED
Variable,DSTERM=ENTERED INTO TRIAL,118,1,standard_variable,DSTERM=ENTERED INTO TRIAL
Variable,DSTERM=INFORMED CONSENT OBTAINED,19,1,standard_variable,DSTERM=INFORMED CONSENT OBTAINED
Variable,DSTERM=PARENT/LEGAL GUARDIAN CONSENT OBTAINED,20,1,standard_variable,DSTERM=PARENT/LEGAL GUARDIAN CONSENT OBTAINED
Variable,DSTERM=RANDOMIZED,20,1,standard_variable,DSTERM=RANDOMIZED
Variable,DSTERM=RECONSENT OBTAINED,116,1,standard_variable,DSTERM=RECONSENT OBTAINED
Variable,"DSTERM=SECOND PARENT/
LEGAL GUARDIAN CONSENT OBTAINED",20,1,standard_variable,"DSTERM=SECOND PARENT/
LEGAL GUARDIAN CONSENT OBTAINED"
Variable,ECACN,88,1,standard_variable,ECACN in SUPPEC
Variable,ECDEL,89,1,standard_variable,ECDEL in SUPPEC
Variable,ECDELOTH,89,1,standard_variable,ECDELOTH in SUPPEC
Variable,ECDOSE,88,1,standard_variable,ECDOSE
Variable,ECLAT,88,1,standard_variable,ECLAT
Variable,ECMOOD,88,1,standard_variable,ECMOOD
Variable,ECOCCUR,88,1,standard_variable,ECOCCUR
Variable,ECREASOC,88,1,standard_variable,ECREASOC in SUPPEC
Variable,ECSTDTC,88,1,standard_variable,ECSTDTC
Variable,FADTC,"21,22,24,26,27,29,31,32,34,36,37,39,41,42,45,46,47,49,50,51,53,54,55,57,58,59,61,62,65,66,67,68,69,71,72,73,74,75,102,105,108,109",42,standard_variable,FADTC
Variable,FALOC,"102,105",2,standard_variable,FALOC
Variable,FAOBJ,"21,22,23,24,25,26,27,28,29,30,31,32,33,34,35,36,37,38,39,40,41,42,43,44,45,46,47,48,49,50,51,52,53,54,55,56,57,58,59,60,61,62,63,65,66,67,68,69,70,71,72,73,74,75,76,77,78,79,80,81,82,83,84,85,86,87,102,103,104,105,106,108,109",73,standard_variable,"FAOBJ=HEADACHE | FAOBJ=ASTHENIA | FAOBJ=MALAISE | FAOBJ=MYALGIA | FAOBJ=IRRITABILITY/
FUSSINESS | FAOBJ=DROWSINESS | FAOBJ=LOSS OF APPETITE | FAOBJ=PAIN | FAOBJ=ERYTHEMA | FAOBJ=SWELLING | FAOBJ=FEVER | FAOBJ=MEDICATION FOR PAIN OR HIGH TEMPERATURE | FAOBJ=IRRITABILITY/FUSSINESS"
Variable,FAOBJ=ASTHENIA,"21,23,25,26,28,30,31,33,35,36,38,40,41,43,103",15,standard_variable,FAOBJ=ASTHENIA
Variable,FAOBJ=DROWSINESS,"45,47,48,49,51,52,53,55,56,57,59,60,61,63,106",15,standard_variable,FAOBJ=DROWSINESS
Variable,FAOBJ=ERYTHEMA,"65,66,67,68,69,70,71,72,73,74,75,76,108,109",14,standard_variable,FAOBJ=ERYTHEMA
Variable,FAOBJ=FEVER,"77,78,79,80,81,82,83,84,85,86,87,102,105",13,standard_variable,FAOBJ=FEVER
Variable,FAOBJ=HEADACHE,"21,23,24,26,28,29,31,33,34,36,38,39,41,43,103",15,standard_variable,FAOBJ=HEADACHE
Variable,"FAOBJ=IRRITABILITY/
FUSSINESS","45,46,48,49,50,52,53,54,56,57,58,60,61,62",14,standard_variable,"FAOBJ=IRRITABILITY/
FUSSINESS"
Variable,FAOBJ=IRRITABILITY/FUSSINESS,106,1,standard_variable,FAOBJ=IRRITABILITY/FUSSINESS
Variable,FAOBJ=LOSS OF APPETITE,"46,47,48,50,51,52,54,55,56,58,59,60,62,63,106",15,standard_variable,FAOBJ=LOSS OF APPETITE
Variable,FAOBJ=MALAISE,"22,23,25,27,28,30,32,33,35,37,38,40,42,43,103",15,standard_variable,FAOBJ=MALAISE
Variable,FAOBJ=MEDICATION FOR PAIN OR HIGH TEMPERATURE,"77,78,79,80,81,82,83,84,85,86,87",11,standard_variable,FAOBJ=MEDICATION FOR PAIN OR HIGH TEMPERATURE
Variable,FAOBJ=MYALGIA,"22,24,25,27,29,30,32,34,35,37,39,40,42,44,104",15,standard_variable,FAOBJ=MYALGIA
Variable,FAOBJ=PAIN,"65,66,67,68,69,71,72,73,74,75,108,109",12,standard_variable,FAOBJ=PAIN
Variable,FAOBJ=SWELLING,"65,66,67,68,69,70,71,72,73,74,75,76,108,109",14,standard_variable,FAOBJ=SWELLING
Variable,FAORRES,"21,22,23,24,25,26,27,28,29,30,31,32,33,34,35,36,37,38,39,40,41,42,43,44,45,46,47,48,49,50,51,52,53,54,55,56,57,58,59,60,61,62,63,65,66,67,68,69,70,71,72,73,74,75,76,77,78,79,80,81,82,83,84,85,86,87,102,103,104,105,106,107,108,109",74,standard_variable,FAORRES when FATESTCD=SEV | FAORRES when FATESTCD=OCCUR | FAORRES when FATESTCD=REL | FAORRES when FATESTCD=RELPR | FAORRES when FATESTCD=LDIAM | FAORRES when FATESTCD=TEMP
Variable,FAORRESU,"102,105",2,standard_variable,FAORRESU
Variable,FAREASND,"102,105,108,109",4,standard_variable,FAREASND
Variable,FAREASOC,"77,78,79,80,81,82,83,84,85,86,87",11,standard_variable,FAREASOC in SUPPFA
Variable,FASTAT,"102,105,108,109",4,standard_variable,if No then FASTAT=NOT DONE when FATESTCD=OCCUR
Variable,FASTAT=NOT DONE,"102,105,108,109",4,standard_variable,FASTAT=NOT DONE
Variable,FATESTCD,"21,22,23,24,25,26,27,28,29,30,31,32,33,34,35,36,37,38,39,40,41,42,43,44,45,46,47,48,49,50,51,52,53,54,55,56,57,58,59,60,61,62,63,65,66,67,68,69,70,71,72,73,74,75,76,77,78,79,80,81,82,83,84,85,86,87,102,103,104,105,106,107,108,109",74,standard_variable,FAORRES when FATESTCD=SEV | FAORRES when FATESTCD=OCCUR | FAORRES when FATESTCD=REL | FAORRES when FATESTCD=RELPR | FAORRES when FATESTCD=LDIAM | FATESTCD=LDIAM | if No then FASTAT=NOT DONE when FATESTCD=OCCUR | FAORRES when FATESTCD=TEMP
Variable,FATESTCD=LDIAM,"65,66,67,68,69,70,71,72,73,74,75,76,108,109",14,standard_variable,FATESTCD=LDIAM
Variable,FATESTCD=OCCUR,"21,22,23,24,25,26,27,28,29,30,31,32,33,34,35,36,37,38,39,40,41,42,43,44,45,46,47,48,49,50,51,52,53,54,55,56,57,58,59,60,61,62,63,65,66,67,68,69,70,71,72,73,74,75,76,77,78,79,80,81,82,83,84,85,86,87,102,103,104,105,106,108,109",73,standard_variable,FATESTCD=OCCUR
Variable,FATESTCD=REL,"21,22,23,24,25,26,27,28,29,30,31,32,33,34,35,36,37,38,39,40,41,42,43,44,45,46,47,48,49,50,51,52,53,54,55,56,57,58,59,60,61,62,63,77,78,79,80,81,82,83,84,85,86,87,102,103,104,105,106",59,standard_variable,FATESTCD=REL
Variable,FATESTCD=RELPR,"21,22,23,24,25,26,27,28,29,30,31,32,33,34,35,36,37,38,39,40,41,42,43,44,45,46,47,48,49,50,51,52,53,54,55,56,57,58,59,60,61,62,63,77,78,79,80,81,82,83,84,85,86,87,102,103,104,105,106,107",60,standard_variable,FATESTCD=RELPR
Variable,FATESTCD=SEV,"21,22,23,24,25,26,27,28,29,30,31,32,33,34,35,36,37,38,39,40,41,42,43,44,45,46,47,48,49,50,51,52,53,54,55,56,57,58,59,60,61,62,63,65,66,67,68,69,70,71,72,73,74,75,76,103,104,106,108,109",60,standard_variable,FATESTCD=SEV
Variable,FATESTCD=TEMP,"102,105",2,standard_variable,FATESTCD=TEMP
Variable,FATPT,"21,22,24,26,27,29,31,32,34,36,37,39,41,42,45,46,47,49,50,51,53,54,55,57,58,59,61,62,65,66,67,68,69,71,72,73,74,75,77,78,79,80,81,82,83,84,85,86,102,105,108,109",52,standard_variable,FATPT
Variable,IEORRES,"93,94",2,standard_variable,IEORRES f Inclusion Criteria then IEORRES=N f Exclusion Criteria then IEORRES=Y
Variable,IEORRES=Y,"93,94",2,standard_variable,IEORRES=Y
Variable,ISCAT,11,1,standard_variable,ISCAT
Variable,ISDTC,11,1,standard_variable,ISDTC
Variable,ISREASND,11,1,standard_variable,ISREASND
Variable,ISSCAT,11,1,standard_variable,ISSCAT
Variable,ISSTAT,11,1,standard_variable,if Not Done then ISSTAT when ISTESTCD=ISALL
Variable,ISTESTCD,11,1,standard_variable,if Not Done then ISSTAT when ISTESTCD=ISALL
Variable,ISTESTCD=ISALL,11,1,standard_variable,ISTESTCD=ISALL
Variable,LBDTC,110,1,standard_variable,LBDTC
Variable,LBORRES,110,1,standard_variable,LBORRES
Variable,LBSPEC,110,1,standard_variable,LBSPEC
Variable,LBSTAT,110,1,standard_variable,if Not Done then LBSTAT when LBTESTCD=HCG
Variable,LBTESTCD,110,1,standard_variable,if Not Done then LBSTAT when LBTESTCD=HCG | LBTESTCD=HCG
Variable,LBTESTCD=HCG,110,1,standard_variable,LBTESTCD=HCG
Variable,MAAE,2,1,standard_variable,MAAE in SUPPAE
Variable,MAXIMUM,"77,78,79,80,81,82,83,84,85,86,87",11,standard_variable,VSCOLSRT=MAXIMUM in SUPPVS
Variable,MHENDTC,95,1,standard_variable,MHENDTC
Variable,MHENRTPT,95,1,standard_variable,MHENRTPT
Variable,MHENTPT,95,1,standard_variable,MHENTPT=First Vaccination
Variable,MHSTDTC,95,1,standard_variable,MHSTDTC
Variable,MHTERM,95,1,standard_variable,MHTERM
Variable,PLGCNTO,19,1,standard_variable,PLGCNTO in SUPPDM
Variable,PLGCNTO2,20,1,standard_variable,PLGCNTO2 in SUPPDM
Variable,PROTVRSN,"19,116",2,standard_variable,PROTVRSN in SUPPDM | PROTVRSN in SUPPDS
Variable,RACE,19,1,standard_variable,RACE
Variable,RACESASN,19,1,standard_variable,RACESASN in SUPPDM
Variable,RFICDTC,19,1,standard_variable,RFICDTC
Variable,RPDTC,117,1,standard_variable,RPDTC
Variable,RPTESTCD,117,1,standard_variable,RPTESTCD
Variable,SEX,19,1,standard_variable,SEX
Variable,SPASENTO,20,1,standard_variable,SPASENTO in SUPPDM
Variable,SVUPDES,18,1,standard_variable,"SVUPDES | Note: The information would be included in SVUPDES if type of Visit equals ""Unscheduled"". And if multiple are selected, concatenate with the annotated values with "";"""
Variable,TRTMAN,115,1,standard_variable,TRTMAN in SUPPCM
Variable,VACDOC,115,1,standard_variable,VACDOC in SUPPCM
Variable,VACHISTR,115,1,standard_variable,VACHISTR in SUPPCM
Variable,VISIT,18,1,standard_variable,VISIT
Variable,VSCOLSRT,"77,78,79,80,81,82,83,84,85,86,87",11,standard_variable,VSCOLSRT=MAXIMUM in SUPPVS
Variable,VSDTC,"77,78,79,80,81,82,83,84,85,86,87,119,120,121",14,standard_variable,VSDTC
Variable,VSLOC,"77,78,79,80,81,82,83,84,85,86,87,119,120,121",14,standard_variable,VSLOC | VSLOC when VSTESTCD=TEMP
Variable,VSORRES,"77,79,80,81,83,84,85,86,87,119,120,121",12,standard_variable,VSORRES when VSTESTCD=HIGHTEMP | VSORRES when VSTESTCD=HEIGHT | VSORRES when VSTESTCD=WEIGHT | VSORRES when VSTESTCD=BMI | VSORRES when VSTESTCD=TEMP | VSORRES when VSTESTCD=SYSBP | VSORRES when VSTESTCD=DIABP | VSORRES when VSTESTCD=PULSE
Variable,VSORRESU,"77,78,79,80,81,82,83,84,85,86,87,119,120,121",14,standard_variable,VSORRESU | VSORRESU when VSTESTCD=TEMP
Variable,VSREASND,"119,120,121",3,standard_variable,VSREASND
Variable,VSSTAT,"119,120,121",3,standard_variable,if No then VSSTAT=NOT DONE when VSTESTCD=VSALL
Variable,VSTESTCD,"77,78,79,80,81,82,83,84,85,86,87,119,120,121",14,standard_variable,VSORRES when VSTESTCD=HIGHTEMP | VSTESTCD=HIGHTEMP | if No then VSSTAT=NOT DONE when VSTESTCD=VSALL | VSORRES when VSTESTCD=HEIGHT | VSORRES when VSTESTCD=WEIGHT | VSORRES when VSTESTCD=BMI | VSORRES when VSTESTCD=TEMP | VSORRESU when VSTESTCD=TEMP | VSLOC when VSTESTCD=TEMP | VSORRES when VSTESTCD=SYSBP | VSORRES when VSTESTCD=DIABP | VSORRES when VSTESTCD=PULSE
Variable,VSTESTCD=BMI,"119,121",2,standard_variable,VSTESTCD=BMI
Variable,VSTESTCD=DIABP,"119,120,121",3,standard_variable,VSTESTCD=DIABP
Variable,VSTESTCD=HEIGHT,119,1,standard_variable,VSTESTCD=HEIGHT
Variable,VSTESTCD=HIGHTEMP,"77,78,79,80,81,82,83,84,85,86,87",11,standard_variable,VSTESTCD=HIGHTEMP
Variable,VSTESTCD=PULSE,"119,120,121",3,standard_variable,VSTESTCD=PULSE
Variable,VSTESTCD=SYSBP,"119,120,121",3,standard_variable,VSTESTCD=SYSBP
Variable,VSTESTCD=TEMP,"119,120,121",3,standard_variable,VSTESTCD=TEMP
Variable,VSTESTCD=VSALL,"119,120,121",3,standard_variable,VSTESTCD=VSALL
Variable,VSTESTCD=WEIGHT,"119,121",2,standard_variable,VSTESTCD=WEIGHT
Variable,VSTPT,"77,78,79,80,81,82,83,84,85,86",10,standard_variable,VSTPT
NOT SUBMITTED,NOT SUBMITTED,"1,3,4,5,6,7,8,9,10,11,18,88,88,88,90,91,91,92,101,101,101,102,105,108,109,110,118,119,120,121",30,not_submitted,
