category,term
dataset,AE
dataset,AG
dataset,APDM
dataset,APRELSUB
dataset,BE
dataset,BS
dataset,CE
dataset,CM
dataset,CO
dataset,CP
dataset,CV
dataset,DA
dataset,DD
dataset,DE
dataset,DI
dataset,DM
dataset,DO
dataset,DR
dataset,DS
dataset,DT
dataset,DU
dataset,DV
dataset,DX
dataset,EC
dataset,EG
dataset,ER
dataset,EX
dataset,FA
dataset,FT
dataset,GF
dataset,GI
dataset,HM
dataset,HO
dataset,IE
dataset,IS
dataset,LB
dataset,MB
dataset,MH
dataset,MI
dataset,MK
dataset,ML
dataset,MS
dataset,NV
dataset,OE
dataset,OI
dataset,PC
dataset,PE
dataset,POOLDEF
dataset,PP
dataset,PR
dataset,QS
dataset,RE
dataset,RELREC
dataset,RELREF
dataset,RELSPEC
dataset,RELSUB
dataset,RP
dataset,RS
dataset,SC
dataset,SE
dataset,SJ
dataset,SM
dataset,SR
dataset,SS
dataset,SU
dataset,SUPPAE
dataset,SUPPBE
dataset,SUPPCE
dataset,SUPPCM
dataset,SUPPCV
dataset,SUPPDD
dataset,SUPPDE
dataset,SUPPDM
dataset,SUPPDS
dataset,SUPPDV
dataset,SUPPEC
dataset,SUPPFA
dataset,SUPPGF
dataset,SUPPGI
dataset,SUPPHM
dataset,SUPPHO
dataset,SUPPIS
dataset,SUPPLB
dataset,SUPPMB
dataset,SUPPMH
dataset,SUPPMI
dataset,SUPPML
dataset,SUPPNV
dataset,SUPPPC
dataset,SUPPPP
dataset,SUPPPR
dataset,SUPPQS
dataset,SUPPRS
dataset,SUPPSS
dataset,SUPPSU
dataset,SUPPSV
dataset,SUPPTR
dataset,SUPPTU
dataset,SUPPUR
dataset,SUPPVS
dataset,SUPPXA
dataset,SUPPXM
dataset,SV
dataset,TA
dataset,TD
dataset,TE
dataset,TI
dataset,TM
dataset,TP
dataset,TR
dataset,TS
dataset,TT
dataset,TU
dataset,TV
dataset,TX
dataset,UR
dataset,VS
dataset,XA
dataset,XD
dataset,XM
variable,ABNORMSP
variable,ACGRPID
variable,ACNADW
variable,ACNDD
variable,ACNDI
variable,ACNDIINT
variable,ACNDINT
variable,ACNDIUR
variable,ACNDNC
variable,ACNDR
variable,ACNDRR
variable,ACNDW
variable,ACPARM
variable,ACPARMCD
variable,ACSEQ
variable,ACTARM
variable,ACTARMCD
variable,ACTARMUD
variable,ACVAL
variable,ACVALCD
variable,ACVALNF
variable,ACVALU
variable,ACVCDREF
variable,ACVCDVER
variable,AEACN
variable,AEACNDEV
variable,AEACNOTH
variable,AEBDSYCD
variable,AEBODSYS
variable,AECAT
variable,AECONTRT
variable,AEDECOD
variable,AEDIS
variable,AEDISCDT
variable,AEDLTFL
variable,AEDUR
variable,AEENDTC
variable,AEENDY
variable,AEENRF
variable,AEENRTPT
variable,AEENTPT
variable,AEGRPID
variable,AEHLGT
variable,AEHLGTCD
variable,AEHLT
variable,AEHLTCD
variable,AEHOSPDT
variable,AELLT
variable,AELLTCD
variable,AELOC
variable,AEMODIFY
variable,AEOUT
variable,AEPATT
variable,AEPRESP
variable,AEPTCD
variable,AEREFID
variable,AEREL
variable,AERELNST
variable,AERELOTH
variable,AERELPR
variable,AERLDEV
variable,AERLPRC
variable,AERLPRT
variable,AESCAN
variable,AESCAT
variable,AESCONG
variable,AESDISAB
variable,AESDTH
variable,AESEQ
variable,AESER
variable,AESEV
variable,AESHOSP
variable,AESIFL
variable,AESINTV
variable,AESITYP1
variable,AESITYP2
variable,AESITYP3
variable,AESLCTD
variable,AESLIFE
variable,AESMIE
variable,AESOC
variable,AESOCCD
variable,AESOD
variable,AESPID
variable,AESTDTC
variable,AESTDY
variable,AESTRTPT
variable,AESTTPT
variable,AETERM
variable,AETOXGR
variable,AETRTEM
variable,AEUNANT
variable,AEVCDVER
variable,AGCAT
variable,AGCLAS
variable,AGCLASCD
variable,AGDECOD
variable,AGDOSE
variable,AGDOSFRM
variable,AGDOSFRQ
variable,AGDOSTXT
variable,AGDOSU
variable,AGDUR
variable,AGE
variable,AGENDTC
variable,AGENDY
variable,AGENRF
variable,AGENRTPT
variable,AGENTPT
variable,AGETXT
variable,AGEU
variable,AGGRPID
variable,AGLNKGRP
variable,AGLNKID
variable,AGMODIFY
variable,AGOCCUR
variable,AGPRESP
variable,AGREASND
variable,AGROUTE
variable,AGSCAT
variable,AGSEQ
variable,AGSPID
variable,AGSTAT
variable,AGSTDTC
variable,AGSTDY
variable,AGSTRF
variable,AGSTRTPT
variable,AGSTTPT
variable,AGTRT
variable,APID
variable,ARM
variable,ARMCD
variable,ARMNRS
variable,ASSOCRAD
variable,ATCCODE1
variable,ATCCODE2
variable,ATCCODE3
variable,ATCCODE4
variable,ATCTEXT1
variable,ATCTEXT2
variable,ATCTEXT3
variable,ATCTEXT4
variable,BABNSP
variable,BCHRXN
variable,BECAT
variable,BECLMETH
variable,BEDECOD
variable,BEDIR
variable,BEDIR1
variable,BEDIR2
variable,BEDIR3
variable,BEDIR4
variable,BEDIR5
variable,BEDIR6
variable,BEDIR7
variable,BEDIR8
variable,BEDIR9
variable,BEDTC
variable,BEDUR
variable,BEDY
variable,BEENDTC
variable,BEENDY
variable,BEENRTPT
variable,BEENTPT
variable,BEGRPID
variable,BELAT
variable,BELOC
variable,BEMODIFY
variable,BEOCCUR
variable,BEPARTY
variable,BEPRESP
variable,BEPRTYID
variable,BEREASND
variable,BEREFID
variable,BESCAT
variable,BESEQ
variable,BESPCCND
variable,BESPEC
variable,BESPID
variable,BESTAT
variable,BESTDTC
variable,BESTDY
variable,BETERM
variable,BETPT
variable,BETPTNUM
variable,BRTHDTC
variable,BSANTREG
variable,BSBLFL
variable,BSCAT
variable,BSDTC
variable,BSDY
variable,BSELTM
variable,BSGRPID
variable,BSLOBXFL
variable,BSMETHOD
variable,BSNAM
variable,BSORRES
variable,BSORRESU
variable,BSREASND
variable,BSREFID
variable,BSRFTDTC
variable,BSSCAT
variable,BSSEQ
variable,BSSPCCND
variable,BSSPEC
variable,BSSPID
variable,BSSTAT
variable,BSSTRESC
variable,BSSTRESN
variable,BSSTRESU
variable,BSTEST
variable,BSTESTCD
variable,BSTPT
variable,BSTPTNUM
variable,BSTPTREF
variable,CEBODSYS
variable,CECAT
variable,CECONTRT
variable,CEDECOD
variable,CEDTC
variable,CEDUR
variable,CEDY
variable,CEEENTIM
variable,CEENDTC
variable,CEENDY
variable,CEENINT
variable,CEENRF
variable,CEENRTPT
variable,CEENTPT
variable,CEESTTIM
variable,CEEVAL
variable,CEEVINTX
variable,CEGRPID
variable,CELAT
variable,CELNKGRP
variable,CELOC
variable,CEOCCUR
variable,CEOUT
variable,CEPATT
variable,CEPRESP
variable,CEREASND
variable,CEREFID
variable,CEREL
variable,CESCAN
variable,CESCAT
variable,CESCONG
variable,CESDISAB
variable,CESDTH
variable,CESENDAT
variable,CESENTIM
variable,CESEQ
variable,CESEV
variable,CESHOSP
variable,CESLIFE
variable,CESOD
variable,CESPID
variable,CESSCAT
variable,CESSTDAT
variable,CESSTTIM
variable,CESTAT
variable,CESTATUS
variable,CESTDTC
variable,CESTDY
variable,CESTINT
variable,CESTRF
variable,CESTRTPT
variable,CESTTPT
variable,CETERM
variable,CETOXGR
variable,CETPT
variable,CETPTNUM
variable,CETYP
variable,CEXFN
variable,CLONUS
variable,CMADJ
variable,CMBLPROD
variable,CMCAT
variable,CMCLAS
variable,CMCLASCD
variable,CMDECOD
variable,CMDECOD1
variable,CMDECOD2
variable,CMDECOD3
variable,CMDECOD4
variable,CMDECOD5
variable,CMDECOD6
variable,CMDECOD7
variable,CMDECOD8
variable,CMDOSE
variable,CMDOSFRM
variable,CMDOSFRQ
variable,CMDOSRGM
variable,CMDOSTOT
variable,CMDOSTXT
variable,CMDOSU
variable,CMDUR
variable,CMENDTC
variable,CMENDY
variable,CMENRF
variable,CMENRTPT
variable,CMENTPT
variable,CMEVLINT
variable,CMFLTRYN
variable,CMGRP
variable,CMGRPID
variable,CMINDC
variable,CMLNKGRP
variable,CMLOT
variable,CMMODIFY
variable,CMOCCUR
variable,CMPRESP
variable,CMREASND
variable,CMROUTE
variable,CMRSDISC
variable,CMSCAT
variable,CMSEQ
variable,CMSPID
variable,CMSTAT
variable,CMSTDTC
variable,CMSTDY
variable,CMSTRF
variable,CMSTRTPT
variable,CMSTTPT
variable,CMTRT
variable,CMVCDVER
variable,CODTC
variable,CODY
variable,COEVAL
variable,COEVALID
variable,COHORT
variable,COMPSPY
variable,COREF
variable,COSEQ
variable,COUNTRY
variable,COVAL
variable,CPABCLID
variable,CPANMETH
variable,CPBDAGNT
variable,CPBLFL
variable,CPCAT
variable,CPCELSTA
variable,CPCLSIG
variable,CPCNDAGT
variable,CPCOLSRT
variable,CPCSMRKS
variable,CPDRVFL
variable,CPDTC
variable,CPDY
variable,CPELTM
variable,CPGATDEF
variable,CPGATE
variable,CPGRPID
variable,CPLNKGRP
variable,CPLNKID
variable,CPLOBXFL
variable,CPLOINC
variable,CPMETHOD
variable,CPMRKSTR
variable,CPNAM
variable,CPNRIND
variable,CPORNRHI
variable,CPORNRLO
variable,CPORRES
variable,CPORRESU
variable,CPREASND
variable,CPREFID
variable,CPRESSCL
variable,CPRESTYP
variable,CPRFTDTC
variable,CPSBMRKS
variable,CPSCAT
variable,CPSEQ
variable,CPSPCCND
variable,CPSPEC
variable,CPSPID
variable,CPSPTSTD
variable,CPSTAT
variable,CPSTNRHI
variable,CPSTNRLO
variable,CPSTRESC
variable,CPSTRESN
variable,CPSTRESU
variable,CPTEST
variable,CPTESTCD
variable,CPTPT
variable,CPTPTNUM
variable,CPTPTREF
variable,CPTSTCND
variable,CPTSTPNL
variable,CRUNKIND
variable,CVBLFL
variable,CVCAT
variable,CVCLSIG
variable,CVDIR
variable,CVDRVFL
variable,CVDTC
variable,CVDY
variable,CVELTM
variable,CVEVAL
variable,CVEVALID
variable,CVGRPID
variable,CVLAT
variable,CVLNKGRP
variable,CVLNKID
variable,CVLOBXFL
variable,CVLOC
variable,CVMETHOD
variable,CVORRES
variable,CVORRESU
variable,CVPOS
variable,CVREASND
variable,CVREFID
variable,CVRFTDTC
variable,CVSCAT
variable,CVSEQ
variable,CVSPID
variable,CVSTAT
variable,CVSTRESC
variable,CVSTRESN
variable,CVSTRESU
variable,CVTEST
variable,CVTESTCD
variable,CVTPT
variable,CVTPTNUM
variable,CVTPTREF
variable,CVTSTDTL
variable,DACAT
variable,DADTC
variable,DADY
variable,DAGRPID
variable,DALNKGRP
variable,DALNKID
variable,DAORRES
variable,DAORRESU
variable,DAREASND
variable,DAREFID
variable,DASCAT
variable,DASEQ
variable,DASPID
variable,DASTAT
variable,DASTRESC
variable,DASTRESN
variable,DASTRESU
variable,DATEST
variable,DATESTCD
variable,DDDTC
variable,DDDY
variable,DDEVAL
variable,DDGRPID
variable,DDORRES
variable,DDREFID
variable,DDRESCAT
variable,DDSEQ
variable,DDSPID
variable,DDSTRESC
variable,DDTEST
variable,DDTESTCD
variable,DEACNDEV
variable,DECAT
variable,DEDECOD
variable,DEDTC
variable,DEDY
variable,DEENDTC
variable,DEENDY
variable,DEENRTPT
variable,DEENTPT
variable,DEMODIFY
variable,DEOCCUR
variable,DEPRESP
variable,DEREASND
variable,DERETURN
variable,DESCAT
variable,DESEQ
variable,DESEV
variable,DESPID
variable,DESTAT
variable,DESTDTC
variable,DESTDY
variable,DESTRTPT
variable,DESTTPT
variable,DETERM
variable,DIAGGRP
variable,DIPARM
variable,DIPARMCD
variable,DISEEXCB
variable,DISEQ
variable,DIVAL
variable,DMDTC
variable,DMDY
variable,DOCAT
variable,DOGRPID
variable,DOMAIN
variable,DOORRES
variable,DOORRESU
variable,DOREFID
variable,DOSCAT
variable,DOSEQ
variable,DOSPID
variable,DOTEST
variable,DOTESTCD
variable,DRGRECNO
variable,DRGSEQ1
variable,DRGSEQ2
variable,DSCAT
variable,DSCNT1SP
variable,DSCONT1
variable,DSCONTP
variable,DSDECOD
variable,DSDTC
variable,DSDY
variable,DSGRPID
variable,DSREFID
variable,DSSCAT
variable,DSSEQ
variable,DSSPID
variable,DSSTDTC
variable,DSSTDY
variable,DSTERM
variable,DTCAT
variable,DTDECOD
variable,DTDTC
variable,DTHDTC
variable,DTHFL
variable,DTMODIFY
variable,DTPARTY
variable,DTPRTYID
variable,DTSCAT
variable,DTSEQ
variable,DTSTDTC
variable,DTTERM
variable,DUCAT
variable,DUDTC
variable,DUDY
variable,DUGRPID
variable,DUORRES
variable,DUORRESU
variable,DUREFID
variable,DUSCAT
variable,DUSEQ
variable,DUSPID
variable,DUSTRESC
variable,DUSTRESN
variable,DUSTRESU
variable,DUTEST
variable,DUTESTCD
variable,DVCAT
variable,DVDECOD
variable,DVENDTC
variable,DVENDY
variable,DVEPRELI
variable,DVREFID
variable,DVSCAT
variable,DVSEQ
variable,DVSPID
variable,DVSTDTC
variable,DVSTDY
variable,DVTERM
variable,DXADJ
variable,DXCAT
variable,DXDOSE
variable,DXDOSFRQ
variable,DXDOSRGM
variable,DXDOSTOT
variable,DXDOSTXT
variable,DXDOSU
variable,DXDUR
variable,DXENDTC
variable,DXENDY
variable,DXGRPID
variable,DXLAT
variable,DXLOC
variable,DXMETHOD
variable,DXROUTE
variable,DXSCAT
variable,DXSEQ
variable,DXSPID
variable,DXSTDTC
variable,DXSTDY
variable,DXTRT
variable,ECACN
variable,ECADJ
variable,ECADJINT
variable,ECADJTYP
variable,ECAIBW
variable,ECAIBWUN
variable,ECBATCH
variable,ECBSA
variable,ECBSAUN
variable,ECCAT
variable,ECCOMPTE
variable,ECDIR
variable,ECDOSADJ
variable,ECDOSE
variable,ECDOSFRM
variable,ECDOSFRQ
variable,ECDOSRGM
variable,ECDOSTOT
variable,ECDOSTXT
variable,ECDOSU
variable,ECDUR
variable,ECELTM
variable,ECENDTC
variable,ECENDY
variable,ECFAST
variable,ECFGBTCH
variable,ECFLRT
variable,ECFLRTU
variable,ECGRPID
variable,ECLAT
variable,ECLNKGRP
variable,ECLNKID
variable,ECLOC
variable,ECLOT
variable,ECMETHOD
variable,ECMOOD
variable,ECOCCUR
variable,ECPORTOT
variable,ECPRESP
variable,ECPSTRG
variable,ECPSTRGU
variable,ECREASOC
variable,ECREFID
variable,ECRFTDTC
variable,ECROUTE
variable,ECSCAT
variable,ECSEQ
variable,ECSETTNG
variable,ECSPID
variable,ECSTDTC
variable,ECSTDY
variable,ECTPT
variable,ECTPTNUM
variable,ECTPTREF
variable,ECTRT
variable,ECVAMT
variable,ECVAMTU
variable,EGBEATNO
variable,EGBLFL
variable,EGCAT
variable,EGCLSIG
variable,EGDRVFL
variable,EGDTC
variable,EGDY
variable,EGELTM
variable,EGENDTC
variable,EGENDY
variable,EGEVAL
variable,EGEVALID
variable,EGGRPID
variable,EGLEAD
variable,EGLOBXFL
variable,EGMETHOD
variable,EGNAM
variable,EGORRES
variable,EGORRESU
variable,EGPOS
variable,EGREASND
variable,EGREFID
variable,EGREPNUM
variable,EGRFTDTC
variable,EGSCAT
variable,EGSEQ
variable,EGSPID
variable,EGSTAT
variable,EGSTRESC
variable,EGSTRESN
variable,EGSTRESU
variable,EGTEST
variable,EGTESTCD
variable,EGTPT
variable,EGTPTNUM
variable,EGTPTREF
variable,EGXFN
variable,ELEMENT
variable,EPOCH
variable,ERBLFL
variable,ERCAT
variable,ERDIR
variable,ERDRVFL
variable,ERDTC
variable,ERDY
variable,ERELTM
variable,EREVAL
variable,EREVALID
variable,ERGRPID
variable,ERLAT
variable,ERLNKGRP
variable,ERLNKID
variable,ERLOC
variable,ERMETHOD
variable,ERORRES
variable,ERORRESU
variable,ERPOS
variable,ERREASND
variable,ERREFID
variable,ERRFTDTC
variable,ERSCAT
variable,ERSEQ
variable,ERSPID
variable,ERSTAT
variable,ERSTRESC
variable,ERSTRESN
variable,ERSTRESU
variable,ERTEST
variable,ERTESTCD
variable,ERTPT
variable,ERTPTNUM
variable,ERTPTREF
variable,ERTSTDTL
variable,ETCD
variable,ETHNIC
variable,EVAL1
variable,EVAL2
variable,EVAL3
variable,EVLDTL
variable,EXADJ
variable,EXAMINIT
variable,EXCAT
variable,EXDIR
variable,EXDOSE
variable,EXDOSFRM
variable,EXDOSFRQ
variable,EXDOSRGM
variable,EXDOSTXT
variable,EXDOSU
variable,EXDUR
variable,EXELTM
variable,EXENDTC
variable,EXENDY
variable,EXFAST
variable,EXGRPID
variable,EXLAT
variable,EXLNKGRP
variable,EXLNKID
variable,EXLOC
variable,EXLOT
variable,EXREFID
variable,EXRFTDTC
variable,EXROUTE
variable,EXSCAT
variable,EXSEQ
variable,EXSPID
variable,EXSTDTC
variable,EXSTDY
variable,EXTPT
variable,EXTPTNUM
variable,EXTPTREF
variable,EXTRT
variable,FABLFL
variable,FACAT
variable,FADTC
variable,FADY
variable,FAENDTC
variable,FAENDY
variable,FAENINT
variable,FAENRTPT
variable,FAENTPT
variable,FAEVAL
variable,FAEVINTX
variable,FAEVLINT
variable,FAGRPID
variable,FALAT
variable,FALNKGRP
variable,FALNKID
variable,FALOBXFL
variable,FALOC
variable,FALOCDTL
variable,FAMETHOD
variable,FAOBJ
variable,FAORRES
variable,FAORRESU
variable,FAREASND
variable,FASCAT
variable,FASEQ
variable,FASPID
variable,FASSCAT
variable,FASTAT
variable,FASTINT
variable,FASTRESC
variable,FASTRESN
variable,FASTRESU
variable,FASTRTPT
variable,FASTTPT
variable,FATEST
variable,FATESTCD
variable,FATPT
variable,FATPTNUM
variable,FATSTDTL
variable,FETUSID
variable,FOCID
variable,FTBLFL
variable,FTCAT
variable,FTDIR
variable,FTDRVFL
variable,FTDTC
variable,FTDY
variable,FTELTM
variable,FTEVINTX
variable,FTEVLINT
variable,FTGRPID
variable,FTLAT
variable,FTLOBXFL
variable,FTLOC
variable,FTMETHOD
variable,FTNAM
variable,FTORRES
variable,FTORRESU
variable,FTPOS
variable,FTREASND
variable,FTREFID
variable,FTREPNUM
variable,FTRFTDTC
variable,FTSCAT
variable,FTSEQ
variable,FTSPID
variable,FTSTAT
variable,FTSTRESC
variable,FTSTRESN
variable,FTSTRESU
variable,FTTEST
variable,FTTESTCD
variable,FTTPT
variable,FTTPTNUM
variable,FTTPTREF
variable,FTXFN
variable,GFANMETH
variable,GFBLFL
variable,GFCAT
variable,GFCHROM
variable,GFCLSIG
variable,GFCOPYID
variable,GFCSREAS
variable,GFDRVFL
variable,GFDTC
variable,GFDY
variable,GFELTM
variable,GFENDTC
variable,GFENDY
variable,GFFAST
variable,GFGENLOC
variable,GFGENREF
variable,GFGENSR
variable,GFGRPID
variable,GFINHERT
variable,GFLLOQ
variable,GFLNKGRP
variable,GFLNKID
variable,GFLOBXFL
variable,GFMETHOD
variable,GFNAM
variable,GFORREF
variable,GFORRES
variable,GFORRESU
variable,GFPVRID
variable,GFREASND
variable,GFREFID
variable,GFREPNUM
variable,GFRESCAT
variable,GFRFTDTC
variable,GFRUNID
variable,GFSCAT
variable,GFSEQ
variable,GFSEQID
variable,GFSPEC
variable,GFSPEC1
variable,GFSPEC2
variable,GFSPID
variable,GFSTAT
variable,GFSTREFC
variable,GFSTREFN
variable,GFSTRESC
variable,GFSTRESN
variable,GFSTRESU
variable,GFSTRTPT
variable,GFSTTPT
variable,GFSYM
variable,GFSYMTYP
variable,GFTEST
variable,GFTESTCD
variable,GFTPT
variable,GFTPTNUM
variable,GFTPTREF
variable,GFTSTDTL
variable,GFXFN
variable,GIBLFL
variable,GICAT
variable,GIDIR
variable,GIDRVFL
variable,GIDTC
variable,GIDY
variable,GIELTM
variable,GIEVAL
variable,GIEVALID
variable,GIGRPID
variable,GIIMCND
variable,GILAT
variable,GILNKGRP
variable,GILNKID
variable,GILOBXFL
variable,GILOC
variable,GIMETHOD
variable,GIOIQ
variable,GIORRES
variable,GIORRESU
variable,GIREASND
variable,GIREFID
variable,GIRESCAT
variable,GIRFTDTC
variable,GISCAT
variable,GISEQ
variable,GISPCUFL
variable,GISPEC
variable,GISPID
variable,GISTAT
variable,GISTRESC
variable,GISTRESN
variable,GISTRESU
variable,GITEST
variable,GITESTCD
variable,GITPT
variable,GITPTNUM
variable,GITPTREF
variable,GITSTDTL
variable,HMBLFL
variable,HMCAT
variable,HMDIR
variable,HMDRVFL
variable,HMDTC
variable,HMDY
variable,HMELTM
variable,HMEVAL
variable,HMEVALID
variable,HMGRPID
variable,HMLAT
variable,HMLNKGRP
variable,HMLNKID
variable,HMLOBXFL
variable,HMLOC
variable,HMMETHOD
variable,HMORRES
variable,HMORRESU
variable,HMREASND
variable,HMREFID
variable,HMRESCAT
variable,HMRFTDTC
variable,HMSCAT
variable,HMSEQ
variable,HMSPCUFL
variable,HMSPEC
variable,HMSPID
variable,HMSTAT
variable,HMSTRESC
variable,HMSTRESN
variable,HMSTRESU
variable,HMTEST
variable,HMTESTCD
variable,HMTPT
variable,HMTPTNUM
variable,HMTPTREF
variable,HMTSTDTL
variable,HOCAT
variable,HODECOD
variable,HODTC
variable,HODUR
variable,HODY
variable,HOENDTC
variable,HOENDY
variable,HOENRTPT
variable,HOENTPT
variable,HOEVINTX
variable,HOGRPID
variable,HOOCCUR
variable,HOPRESP
variable,HOPROTYP
variable,HOREAS
variable,HOREASAE
variable,HOREASCH
variable,HOREASND
variable,HOREASOT
variable,HOREASPR
variable,HOREASPS
variable,HOREASRT
variable,HOREASRX
variable,HOREASSY
variable,HOREFID
variable,HOSCAT
variable,HOSEQ
variable,HOSPID
variable,HOSTAT
variable,HOSTDTC
variable,HOSTDY
variable,HOSTRTPT
variable,HOSTTPT
variable,HOTERM
variable,ICFVN
variable,IDVAR
variable,IDVARVAL
variable,IECAT
variable,IEDTC
variable,IEDY
variable,IEORRES
variable,IESCAT
variable,IESEQ
variable,IESPID
variable,IESTRESC
variable,IETEST
variable,IETESTCD
variable,IGDCMPID
variable,INVID
variable,INVNAM
variable,IRRADIND
variable,ISANMETH
variable,ISBDAGNT
variable,ISBLFL
variable,ISCAT
variable,ISCLSIG
variable,ISCNDAGT
variable,ISCOLSRT
variable,ISCSREAS
variable,ISDIR
variable,ISDRVFL
variable,ISDTC
variable,ISDY
variable,ISELTM
variable,ISENDTC
variable,ISENDY
variable,ISEVAL
variable,ISEVALID
variable,ISFAST
variable,ISGRPID
variable,ISLAT
variable,ISLLOD
variable,ISLLOQ
variable,ISLOBXFL
variable,ISLOC
variable,ISLOINC
variable,ISMETHOD
variable,ISMSCBCE
variable,ISNAM
variable,ISNRIND
variable,ISORNRHI
variable,ISORNRLO
variable,ISORRES
variable,ISORRESU
variable,ISPDUR
variable,ISPOS
variable,ISPTFL
variable,ISREASND
variable,ISREFID
variable,ISRESCAT
variable,ISRESSCL
variable,ISRESTYP
variable,ISRFTDTC
variable,ISSCAT
variable,ISSEQ
variable,ISSPCCND
variable,ISSPCUFL
variable,ISSPEC
variable,ISSPEC1
variable,ISSPEC2
variable,ISSPID
variable,ISSTAT
variable,ISSTNRC
variable,ISSTNRHI
variable,ISSTNRLO
variable,ISSTRESC
variable,ISSTRESN
variable,ISSTRESU
variable,ISTEST
variable,ISTESTCD
variable,ISTMTHSN
variable,ISTPT
variable,ISTPTNUM
variable,ISTPTREF
variable,ISTSTCND
variable,ISTSTDTL
variable,ISTSTOPO
variable,LBANMETH
variable,LBBDAGNT
variable,LBBLFL
variable,LBCAT
variable,LBCLSIG
variable,LBCNDAGT
variable,LBCOLSRT
variable,LBCSREAS
variable,LBDICT
variable,LBDRVFL
variable,LBDTC
variable,LBDUR
variable,LBDY
variable,LBELTM
variable,LBENDTC
variable,LBENDY
variable,LBFAST
variable,LBGRPID
variable,LBLLOD
variable,LBLLOQ
variable,LBLOBXFL
variable,LBLOC
variable,LBLOINC
variable,LBMETHOD
variable,LBMPDICT
variable,LBNAM
variable,LBNRIND
variable,LBORNRHI
variable,LBORNRLO
variable,LBORRES
variable,LBORRESU
variable,LBPDUR
variable,LBPOS
variable,LBPTFL
variable,LBREASND
variable,LBREFID
variable,LBREPNUM
variable,LBRESCAT
variable,LBRESSCL
variable,LBRESTYP
variable,LBRFTDTC
variable,LBSCAT
variable,LBSEQ
variable,LBSITE
variable,LBSPCCND
variable,LBSPCUFL
variable,LBSPEC
variable,LBSPEC1
variable,LBSPEC2
variable,LBSPID
variable,LBSTAT
variable,LBSTNRC
variable,LBSTNRHI
variable,LBSTNRLO
variable,LBSTRESC
variable,LBSTRESN
variable,LBSTRESU
variable,LBSTRSN2
variable,LBSTRSU2
variable,LBTEST
variable,LBTESTCD
variable,LBTMTHSN
variable,LBTOX
variable,LBTOXGR
variable,LBTOXH
variable,LBTOXL
variable,LBTPT
variable,LBTPTNUM
variable,LBTPTREF
variable,LBTSTCND
variable,LBTSTDTL
variable,LBTSTOPO
variable,LEVEL
variable,LVLDESC
variable,MAAE
variable,MBANMETH
variable,MBBLFL
variable,MBCAT
variable,MBCLSIG
variable,MBCOLSRT
variable,MBCSREAS
variable,MBDIR
variable,MBDRVFL
variable,MBDTC
variable,MBDY
variable,MBELTM
variable,MBENDTC
variable,MBENDY
variable,MBEVAL
variable,MBEVALID
variable,MBFAST
variable,MBGRPID
variable,MBLAT
variable,MBLLOD
variable,MBLNKGRP
variable,MBLNKID
variable,MBLOBXFL
variable,MBLOC
variable,MBLOC1
variable,MBLOC2
variable,MBLOINC
variable,MBMETHOD
variable,MBNAM
variable,MBNRIND
variable,MBORNRHI
variable,MBORNRLO
variable,MBORRES
variable,MBORRESU
variable,MBPDUR
variable,MBPOS
variable,MBPTFL
variable,MBREASND
variable,MBREFID
variable,MBRESCAT
variable,MBRESSCL
variable,MBRESTYP
variable,MBRFTDTC
variable,MBSCAT
variable,MBSEQ
variable,MBSPCCND
variable,MBSPCUFL
variable,MBSPEC
variable,MBSPEC1
variable,MBSPEC2
variable,MBSPID
variable,MBSTAT
variable,MBSTNRC
variable,MBSTNRHI
variable,MBSTNRLO
variable,MBSTRESC
variable,MBSTRESN
variable,MBSTRESU
variable,MBTEST
variable,MBTESTCD
variable,MBTMTHSN
variable,MBTPT
variable,MBTPTNUM
variable,MBTPTREF
variable,MBTSTDTL
variable,MBTSTOPO
variable,MHBDSYCD
variable,MHBODSYS
variable,MHCAT
variable,MHCONTRT
variable,MHDECOD
variable,MHDTC
variable,MHDY
variable,MHENDTC
variable,MHENDY
variable,MHENRF
variable,MHENRTPT
variable,MHENTPT
variable,MHEVDTYP
variable,MHGRPID
variable,MHHLGT
variable,MHHLGTCD
variable,MHHLT
variable,MHHLTCD
variable,MHLLT
variable,MHLLTCD
variable,MHMODIFY
variable,MHOCCUR
variable,MHPRESP
variable,MHPTCD
variable,MHREASND
variable,MHREFID
variable,MHSCAT
variable,MHSEQ
variable,MHSOC
variable,MHSOCCD
variable,MHSPID
variable,MHSTAT
variable,MHSTDTC
variable,MHSTDY
variable,MHTERM
variable,MHTOX
variable,MHTOXGR
variable,MHVCDVER
variable,MIANMETH
variable,MIBLFL
variable,MICAT
variable,MICLSIG
variable,MICOLSRT
variable,MICSREAS
variable,MIDIR
variable,MIDRVFL
variable,MIDS
variable,MIDSDTC
variable,MIDSTYPE
variable,MIDTC
variable,MIDY
variable,MIENDTC
variable,MIENDY
variable,MIEVAL
variable,MIEVALID
variable,MIFAST
variable,MIGRPID
variable,MILAT
variable,MILLOD
variable,MILOBXFL
variable,MILOC
variable,MILOINC
variable,MIMETHOD
variable,MINAM
variable,MINRIND
variable,MIORNRHI
variable,MIORNRLO
variable,MIORRES
variable,MIORRESU
variable,MIPDUR
variable,MIPOS
variable,MIPTFL
variable,MIREASND
variable,MIREFID
variable,MIRESCAT
variable,MIRESSCL
variable,MIRESTYP
variable,MISCAT
variable,MISEQ
variable,MISPCCND
variable,MISPCUFL
variable,MISPEC
variable,MISPEC1
variable,MISPEC2
variable,MISPID
variable,MISSASMT
variable,MISTAT
variable,MISTNRC
variable,MISTNRHI
variable,MISTNRLO
variable,MISTRESC
variable,MISTRESN
variable,MISTRESU
variable,MITEST
variable,MITESTCD
variable,MITMTHSN
variable,MITPT
variable,MITPTNUM
variable,MITSTDTL
variable,MITSTOPO
variable,MKBLFL
variable,MKCAT
variable,MKDIR
variable,MKDRVFL
variable,MKDTC
variable,MKDY
variable,MKELTM
variable,MKEVAL
variable,MKEVALID
variable,MKGRPID
variable,MKLAT
variable,MKLNKGRP
variable,MKLNKID
variable,MKLOBXFL
variable,MKLOC
variable,MKMETHOD
variable,MKORRES
variable,MKORRESU
variable,MKPOS
variable,MKREASND
variable,MKREFID
variable,MKREPNUM
variable,MKRFTDTC
variable,MKSCAT
variable,MKSEQ
variable,MKSPID
variable,MKSTAT
variable,MKSTRESC
variable,MKSTRESN
variable,MKSTRESU
variable,MKTEST
variable,MKTESTCD
variable,MKTPT
variable,MKTPTNUM
variable,MKTPTREF
variable,MLCAT
variable,MLCOMM
variable,MLDECOD
variable,MLDOSE
variable,MLDOSFRM
variable,MLDOSFRQ
variable,MLDOSRGM
variable,MLDOSTOT
variable,MLDOSTXT
variable,MLDOSU
variable,MLDTC
variable,MLDUR
variable,MLDY
variable,MLELTM
variable,MLENDTC
variable,MLENDY
variable,MLENRF
variable,MLENRTPT
variable,MLENTPT
variable,MLGRPID
variable,MLINDC
variable,MLMODIFY
variable,MLOCCUR
variable,MLPRESP
variable,MLREASND
variable,MLREASOC
variable,MLRFTDTC
variable,MLROUTE
variable,MLSCAT
variable,MLSEQ
variable,MLSPID
variable,MLSTAT
variable,MLSTDTC
variable,MLSTDY
variable,MLSTRF
variable,MLSTRTPT
variable,MLSTTPT
variable,MLTPT
variable,MLTPTNUM
variable,MLTPTREF
variable,MLTRT
variable,MSACPTFL
variable,MSAGENT
variable,MSANMETH
variable,MSBLFL
variable,MSCAT
variable,MSCONC
variable,MSCONCU
variable,MSDIR
variable,MSDRVFL
variable,MSDTC
variable,MSDUR
variable,MSDY
variable,MSELTM
variable,MSEVAL
variable,MSEVALID
variable,MSEVINTX
variable,MSEVLINT
variable,MSFAST
variable,MSGRPID
variable,MSLAT
variable,MSLLOQ
variable,MSLNKID
variable,MSLOBXFL
variable,MSLOC
variable,MSLOINC
variable,MSMETHOD
variable,MSNAM
variable,MSNRIND
variable,MSORRES
variable,MSORRESU
variable,MSREASND
variable,MSREFID
variable,MSREPNUM
variable,MSRESCAT
variable,MSRFTDTC
variable,MSSCAT
variable,MSSEQ
variable,MSSPCCND
variable,MSSPEC
variable,MSSPID
variable,MSSTAT
variable,MSSTRESC
variable,MSSTRESN
variable,MSSTRESU
variable,MSTEST
variable,MSTESTCD
variable,MSTPT
variable,MSTPTNUM
variable,MSTPTREF
variable,MSTSTDTL
variable,MSULOQ
variable,MSXFN
variable,NHOID
variable,NUSMPTK
variable,NVBLFL
variable,NVCAT
variable,NVDIR
variable,NVDRVFL
variable,NVDTC
variable,NVDY
variable,NVELTM
variable,NVEVAL
variable,NVEVALID
variable,NVGRPID
variable,NVLAT
variable,NVLNKGRP
variable,NVLNKID
variable,NVLOBXFL
variable,NVLOC
variable,NVMETHOD
variable,NVNEURO
variable,NVORRES
variable,NVORRESU
variable,NVREASND
variable,NVREFID
variable,NVRFTDTC
variable,NVSCAT
variable,NVSEQ
variable,NVSPID
variable,NVSTAT
variable,NVSTRESC
variable,NVSTRESN
variable,NVSTRESU
variable,NVTEST
variable,NVTESTCD
variable,NVTPT
variable,NVTPTNUM
variable,NVTPTREF
variable,OEACPTFL
variable,OEBLFL
variable,OECAT
variable,OECLSIG
variable,OEDIR
variable,OEDRVFL
variable,OEDTC
variable,OEDY
variable,OEELTM
variable,OEEVAL
variable,OEEVALID
variable,OEGRPID
variable,OELAT
variable,OELNKGRP
variable,OELNKID
variable,OELOBXFL
variable,OELOC
variable,OEMETHOD
variable,OENRIND
variable,OEORNRHI
variable,OEORNRLO
variable,OEORRES
variable,OEORRESU
variable,OEPORTOT
variable,OEREASND
variable,OEREPNUM
variable,OERESCAT
variable,OERFTDTC
variable,OESCAT
variable,OESEQ
variable,OESPID
variable,OESTAT
variable,OESTNRC
variable,OESTNRHI
variable,OESTNRLO
variable,OESTRESC
variable,OESTRESN
variable,OESTRESU
variable,OETEST
variable,OETESTCD
variable,OETPT
variable,OETPTNUM
variable,OETPTREF
variable,OETSTDTL
variable,OEXFN
variable,OIPARM
variable,OIPARMCD
variable,OISEQ
variable,OIVAL
variable,ORGMETYP
variable,OTHEXMN
variable,OTHLOC
variable,PARENT
variable,PCBLFL
variable,PCCAT
variable,PCDRVFL
variable,PCDTC
variable,PCDY
variable,PCELTM
variable,PCENDTC
variable,PCENDY
variable,PCEVLINT
variable,PCFAST
variable,PCGRPID
variable,PCLLOQ
variable,PCLNKGRP
variable,PCLOBXFL
variable,PCMETHOD
variable,PCNAM
variable,PCORRES
variable,PCORRESU
variable,PCREASND
variable,PCREFID
variable,PCRFTDTC
variable,PCSCAT
variable,PCSEQ
variable,PCSMPNUM
variable,PCSPCCND
variable,PCSPEC
variable,PCSPID
variable,PCSTAT
variable,PCSTRESC
variable,PCSTRESN
variable,PCSTRESU
variable,PCTEST
variable,PCTESTCD
variable,PCTPT
variable,PCTPTNUM
variable,PCTPTREF
variable,PCULOQ
variable,PEBLFL
variable,PEBODSYS
variable,PECAT
variable,PEDTC
variable,PEDY
variable,PEEVAL
variable,PEGRPID
variable,PELAT
variable,PELOBXFL
variable,PELOC
variable,PEMETHOD
variable,PEMODIFY
variable,PEORRES
variable,PEORRESU
variable,PEREASND
variable,PESCAT
variable,PESEQ
variable,PESPID
variable,PESTAT
variable,PESTRESC
variable,PETEST
variable,PETESTCD
variable,POOLID
variable,PPANMETH
variable,PPCAT
variable,PPDTC
variable,PPDY
variable,PPENINT
variable,PPGRPID
variable,PPORRES
variable,PPORRESU
variable,PPREASND
variable,PPRFTDTC
variable,PPSCAT
variable,PPSEQ
variable,PPSPEC
variable,PPSTAT
variable,PPSTINT
variable,PPSTRESC
variable,PPSTRESN
variable,PPSTRESU
variable,PPTEST
variable,PPTESTCD
variable,PPTPTREF
variable,PRCAT
variable,PRCDTDTL
variable,PRCDTSOC
variable,PRCMLDOS
variable,PRCOMPLT
variable,PRDECOD
variable,PRDIR
variable,PRDOSE
variable,PRDOSFRM
variable,PRDOSFRQ
variable,PRDOSRGM
variable,PRDOSTXT
variable,PRDOSU
variable,PRDUR
variable,PRELTM
variable,PRENDTC
variable,PRENDY
variable,PRENRTPT
variable,PRENTPT
variable,PREVLINT
variable,PRFAST
variable,PRGRPID
variable,PRINDC
variable,PRINSTNM
variable,PRLAT
variable,PRLNKGRP
variable,PRLNKID
variable,PRLOC
variable,PRMANUF
variable,PRMODEL
variable,PRNMDAY
variable,PRNMDAYT
variable,PRNMDAYW
variable,PRNUMOCC
variable,PRNUMWK
variable,PROCCUR
variable,PROTVRSN
variable,PROUT
variable,PRPHYSNM
variable,PRPORTOT
variable,PRPRESP
variable,PRPROBE
variable,PRQAADFL
variable,PRREASOC
variable,PRREPNUM
variable,PRRFTDTC
variable,PRROUTE
variable,PRRSDISC
variable,PRSCAT
variable,PRSEQ
variable,PRSPCOTH
variable,PRSPCUFL
variable,PRSPID
variable,PRSTDTC
variable,PRSTDY
variable,PRSTRTPT
variable,PRSTTPT
variable,PRTPT
variable,PRTPTNUM
variable,PRTPTREF
variable,PRTRT
variable,PRTRTTYP
variable,PRTRTUNK
variable,PRTXOTH
variable,PRTYPE
variable,PTPDNA
variable,PTRGTRAN
variable,QEVAL
variable,QLABEL
variable,QNAM
variable,QORIG
variable,QSANTXHI
variable,QSANTXLO
variable,QSANVLHI
variable,QSANVLLO
variable,QSBLFL
variable,QSCAT
variable,QSDIR
variable,QSDRVFL
variable,QSDTC
variable,QSDY
variable,QSELTM
variable,QSEVINTX
variable,QSEVLINT
variable,QSGRPID
variable,QSLAT
variable,QSLOBXFL
variable,QSLOC
variable,QSMETHOD
variable,QSNAM
variable,QSORRES
variable,QSORRESU
variable,QSREASND
variable,QSRFTDTC
variable,QSSCAT
variable,QSSEQ
variable,QSSPID
variable,QSSTAT
variable,QSSTRESC
variable,QSSTRESN
variable,QSSTRESU
variable,QSTEST
variable,QSTESTCD
variable,QSTPT
variable,QSTPTNUM
variable,QSTPTREF
variable,QVAL
variable,RACE
variable,RACEAIAN
variable,RACEASN
variable,RACEBAA
variable,RACENHPI
variable,RACESA01
variable,RACESASN
variable,RACESW01
variable,RACESWHT
variable,RACEWHT
variable,RDEVID
variable,RDMNPC
variable,RDOMAIN
variable,REAGNT REASRAST
variable,REASRECN
variable,REASWTHD
variable,REBLFL
variable,RECAT
variable,REDIR
variable,REDRVFL
variable,REDTC
variable,REDY
variable,REELTM
variable,REEVAL
variable,REEVALID
variable,REFID
variable,REGIMEN
variable,REGRPID
variable,RELAT
variable,RELID
variable,RELMIDS
variable,RELNKGRP
variable,RELNKID
variable,RELOBXFL
variable,RELOC
variable,RELTYPE
variable,REMETHOD
variable,REORREF
variable,REORRES
variable,REORRESU
variable,REPOS
variable,REREASND
variable,REREFID
variable,REREPNUM
variable,RERFTDTC
variable,RESCAT
variable,RESEQ
variable,RESPID
variable,RESTAT
variable,RESTREFC
variable,RESTREFN
variable,RESTRESC
variable,RESTRESN
variable,RESTRESU
variable,RETEST
variable,RETESTCD
variable,RETPT
variable,RETPTNUM
variable,RETPTREF
variable,RFCENDTC
variable,RFCSTDTC
variable,RFENDTC
variable,RFICDTC
variable,RFPENDTC
variable,RFSTDTC
variable,RFXENDTC
variable,RFXSTDTC
variable,RPATH
variable,RPATHCD
variable,RPBLFL
variable,RPCAT
variable,RPDRVFL
variable,RPDTC
variable,RPDUR
variable,RPDY
variable,RPELTM
variable,RPGRPID
variable,RPHASE
variable,RPLNKGRP
variable,RPLNKID
variable,RPLOBXFL
variable,RPORRES
variable,RPORRESU
variable,RPPLDY
variable,RPPLENDY
variable,RPPLSTDY
variable,RPREASND
variable,RPREFID
variable,RPRFDY
variable,RPRFTDTC
variable,RPSCAT
variable,RPSEQ
variable,RPSPID
variable,RPSTAT
variable,RPSTRESC
variable,RPSTRESN
variable,RPSTRESU
variable,RPTEST
variable,RPTESTCD
variable,RPTPT
variable,RPTPTNUM
variable,RPTPTREF
variable,RSACPTFL
variable,RSBLFL
variable,RSCAT
variable,RSDISCSF
variable,RSDRVFL
variable,RSDTC
variable,RSDY
variable,RSELTM
variable,RSENRTPT
variable,RSENTPT
variable,RSEVAL
variable,RSEVALID
variable,RSEVINTX
variable,RSEVLINT
variable,RSGRPID
variable,RSLNKGRP
variable,RSLNKID
variable,RSLOBXFL
variable,RSMETHOD
variable,RSNAM
variable,RSORRES
variable,RSORRESU
variable,RSREASND
variable,RSREFID
variable,RSRFTDTC
variable,RSSCAT
variable,RSSCATSP
variable,RSSEQ
variable,RSSPID
variable,RSSTAT
variable,RSSTRESC
variable,RSSTRESN
variable,RSSTRESU
variable,RSSTRTPT
variable,RSSTTPT
variable,RSTAGE
variable,RSTEST
variable,RSTESTCD
variable,RSTGCD
variable,RSTPT
variable,RSTPTNUM
variable,RSTPTREF
variable,RSUBJID
variable,RTTLFR
variable,SABNSP
variable,SBSTRAIN
variable,SCCAT
variable,SCDTC
variable,SCDY
variable,SCGRPID
variable,SCORRES
variable,SCORRESU
variable,SCR1STNO
variable,SCR1STST
variable,SCRCPD
variable,SCRCPDID
variable,SCRCPDNO
variable,SCRCPDST
variable,SCREASND
variable,SCRRESP
variable,SCRSTD
variable,SCSCAT
variable,SCSEQ
variable,SCSPID
variable,SCSTAT
variable,SCSTRESC
variable,SCSTRESN
variable,SCSTRESU
variable,SCTEST
variable,SCTESTCD
variable,SEENDTC
variable,SEENDY
variable,SESEQ
variable,SESTDTC
variable,SESTDY
variable,SET
variable,SETCD
variable,SEUPDES
variable,SEX
variable,SITEID
variable,SJENDTC
variable,SJSEQ
variable,SJSTDTC
variable,SJUPDES
variable,SMENDTC
variable,SMENDY
variable,SMSEQ
variable,SMSTDTC
variable,SMSTDY
variable,SPDEVID
variable,SPEC
variable,SPECIES
variable,SPMETH
variable,SPTOBID
variable,SRBLFL
variable,SRCAT
variable,SRCDCNUM
variable,SRDIR
variable,SRDTC
variable,SRDY
variable,SREL
variable,SRELTM
variable,SREVAL
variable,SRGRPID
variable,SRLAT
variable,SRLOBXFL
variable,SRLOC
variable,SRMETHOD
variable,SRNAM
variable,SROBJ
variable,SRORRES
variable,SRORRESU
variable,SRREASND
variable,SRREFID
variable,SRRFTDTC
variable,SRSCAT
variable,SRSEQ
variable,SRSPEC
variable,SRSPID
variable,SRSTAT
variable,SRSTRESC
variable,SRSTRESN
variable,SRSTRESU
variable,SRTEST
variable,SRTESTCD
variable,SRTPT
variable,SRTPTNUM
variable,SRTPTREF
variable,SSCAT
variable,SSCNTMOD
variable,SSDTC
variable,SSDY
variable,SSEVAL
variable,SSGRPID
variable,SSMETHOD
variable,SSORRES
variable,SSREASND
variable,SSRENOCC
variable,SSSCAT
variable,SSSEQ
variable,SSSPID
variable,SSSTAT
variable,SSSTRESC
variable,SSTEST
variable,SSTESTCD
variable,STMCSRCE
variable,STOCONID
variable,STRAIN
variable,STUDYID
variable,SUBJID
variable,SUCAT
variable,SUCLAS
variable,SUCLASCD
variable,SUDECOD
variable,SUDOSE
variable,SUDOSFRM
variable,SUDOSFRQ
variable,SUDOSTOT
variable,SUDOSTXT
variable,SUDOSU
variable,SUDUR
variable,SUENDTC
variable,SUENDY
variable,SUENRF
variable,SUENRTPT
variable,SUENTPT
variable,SUGRPID
variable,SUMODIFY
variable,SUNCF
variable,SUOCCUR
variable,SUPRESP
variable,SUPSTRG
variable,SUPSTRGU
variable,SUREASND
variable,SUROUTE
variable,SUSCAT
variable,SUSEQ
variable,SUSPID
variable,SUSTAT
variable,SUSTDTC
variable,SUSTDY
variable,SUSTRF
variable,SUSTRTPT
variable,SUSTTPT
variable,SUTRT
variable,SUVAMT
variable,SUVAMTU
variable,SVCNTMOD
variable,SVENDTC
variable,SVENDY
variable,SVEPCHGI
variable,SVEVAL
variable,SVOCCUR
variable,SVPRESP
variable,SVREASOC
variable,SVSTDTC
variable,SVSTDY
variable,SVUPDES
variable,TABRANCH
variable,TAETORD
variable,TATRANS
variable,TDANCVAR
variable,TDMAXPAI
variable,TDMINPAI
variable,TDNUMRPT
variable,TDORDER
variable,TDSTOFF
variable,TDTGTPAI
variable,TEDUR
variable,TEENRL
variable,TESTRL
variable,TIRL
variable,TIVERS
variable,TMDEF
variable,TMRPT
variable,TPBRANCH
variable,TPSTGORD
variable,TRACPTFL
variable,TRADE1
variable,TRADE2
variable,TRADE3
variable,TRADE4
variable,TRADE5
variable,TRADE6
variable,TRADE7
variable,TRADE8
variable,TRADE9
variable,TRBLFL
variable,TRCHANGE
variable,TRCYTLGY
variable,TRDTC
variable,TRDY
variable,TREVAL
variable,TREVALID
variable,TRGRPID
variable,TRLNKGRP
variable,TRLNKID
variable,TRLOBXFL
variable,TRMETHOD
variable,TRNAM
variable,TRORRES
variable,TRORRESU
variable,TRREASND
variable,TRREASNE
variable,TRREFID
variable,TRSEQ
variable,TRSPID
variable,TRSTAT
variable,TRSTRESC
variable,TRSTRESN
variable,TRSTRESU
variable,TRTEST
variable,TRTESTCD
variable,TRTEXDT
variable,TRTINT
variable,TRTMAN
variable,TRTSTT
variable,TSGRPID
variable,TSPARM
variable,TSPARMCD
variable,TSSEQ
variable,TSVAL
variable,TSVALCD
variable,TSVALNF
variable,TSVCDREF
variable,TSVCDVER
variable,TTDUR
variable,TTENRL
variable,TTSTRL
variable,TUACPTFL
variable,TUBLFL
variable,TUDIR
variable,TUDTC
variable,TUDY
variable,TUEVAL
variable,TUEVALID
variable,TUGRPID
variable,TULAT
variable,TULNKGRP
variable,TULNKID
variable,TULOBXFL
variable,TULOC
variable,TULOCDTL
variable,TUMETHOD
variable,TUNAM
variable,TUORRES
variable,TUPORTOT
variable,TUPRTYP
variable,TUREFID
variable,TUSEQ
variable,TUSPID
variable,TUSTRESC
variable,TUTEST
variable,TUTESTCD
variable,TVENRL
variable,TVSTRL
variable,TXPARM
variable,TXPARMCD
variable,TXSEQ
variable,TXVAL
variable,URBLFL
variable,URCAT
variable,URDIR
variable,URDRVFL
variable,URDTC
variable,URDY
variable,URELTM
variable,UREVAL
variable,UREVALID
variable,URGRPID
variable,URLAT
variable,URLNKGRP
variable,URLNKID
variable,URLOBXFL
variable,URLOC
variable,URMETHOD
variable,URORRES
variable,URORRESU
variable,URREASND
variable,URREFID
variable,URRESCAT
variable,URRFTDTC
variable,URSCAT
variable,URSEQ
variable,URSPID
variable,URSTAT
variable,URSTRESC
variable,URSTRESN
variable,URSTRESU
variable,URTEST
variable,URTESTCD
variable,URTPT
variable,URTPTNUM
variable,URTPTREF
variable,URTSTDTL
variable,USUBJID
variable,VACDOC
variable,VACSORC
variable,VACSTAT
variable,VGPRRESP
variable,VISIT
variable,VISITDY
variable,VISITNUM
variable,VSBLFL
variable,VSCAT
variable,VSCLSIG
variable,VSCSREAS
variable,VSDRVFL
variable,VSDTC
variable,VSDY
variable,VSELTM
variable,VSENINT
variable,VSGRPID
variable,VSLAT
variable,VSLOBXFL
variable,VSLOC
variable,VSORRES
variable,VSORRESU
variable,VSPOS
variable,VSREASND
variable,VSREFID
variable,VSREPNUM
variable,VSRFTDTC
variable,VSSCAT
variable,VSSEQ
variable,VSSPID
variable,VSSTAT
variable,VSSTINT
variable,VSSTRESC
variable,VSSTRESN
variable,VSSTRESU
variable,VSTEST
variable,VSTESTCD
variable,VSTOX
variable,VSTOXGR
variable,VSTPT
variable,VSTPTNUM
variable,VSTPTREF
variable,XABLFL
variable,XACAT
variable,XADIR
variable,XADRVFL
variable,XADTC
variable,XADY
variable,XAELTM
variable,XAEVAL
variable,XAEVALID
variable,XAGRPID
variable,XALAT
variable,XALOBXFL
variable,XALOC
variable,XAMETHOD
variable,XAORRES
variable,XAORRESU
variable,XAREASND
variable,XAREFID
variable,XARFTDTC
variable,XASCAT
variable,XASEQ
variable,XASPID
variable,XASTAT
variable,XASTRESC
variable,XASTRESN
variable,XASTRESU
variable,XATEST
variable,XATESTCD
variable,XATPT
variable,XATPTNUM
variable,XATPTREF
variable,XDCAT
variable,XDDTC
variable,XDDY
variable,XDELTM
variable,XDENDTC
variable,XDGRPID
variable,XDLNKID
variable,XDLOC
variable,XDPARTY
variable,XDPRTYID
variable,XDREFID
variable,XDRFTDTC
variable,XDSCAT
variable,XDSEQ
variable,XDSPID
variable,XDSTDTC
variable,XDTERM
variable,XDTPT
variable,XDTPTNUM
variable,XDTPTREF
